1,"JVA0031X=JVA0031X=1=en, ja=High","images/JVA0031X=JVA0031X=1=en, ja=High.png",Diagram-Other
2,JVE0014X=JVE0014X=1=en=High,images/JVE0014X=JVE0014X=1=en=High.png,Diagram-Procedural
3,"JVI0477X=JVI0477X=1=en, ja=High","images/JVI0477X=JVI0477X=1=en, ja=High.png",Diagram-Other
4,"JVI1787X=JVI1787X=1=en, ja=High","images/JVI1787X=JVI1787X=1=en, ja=High.png",Diagram-Other
5,JVM0694X=JVM0694X=1=en=High,images/JVM0694X=JVM0694X=1=en=High.png,Diagram-Other
6,"JVP0487X=JVP0487X=1=en, ja=High","images/JVP0487X=JVP0487X=1=en, ja=High.png",Diagram-Procedural
7,JVR0203X=JVR0203X=1=en=High,images/JVR0203X=JVR0203X=1=en=High.png,Diagram-ItemDictionary
8,"JVR0259X=JVR0259X=1=en, ja=High","images/JVR0259X=JVR0259X=1=en, ja=High.png",Diagram-Other
9,"JVR0473X=JVR0473X=1=en, ja=High","images/JVR0473X=JVR0473X=1=en, ja=High.png",Diagram-Other
10,"JVR0530X=JVR0530X=1=en, ja=High","images/JVR0530X=JVR0530X=1=en, ja=High.png",Diagram-Other
11,"JVR0572X=JVR0572X=1=en, ja=High","images/JVR0572X=JVR0572X=1=en, ja=High.png",Diagram-Procedural
12,"JVR0573X=JVR0573X=1=en, ja=High","images/JVR0573X=JVR0573X=1=en, ja=High.png",Diagram-Procedural
13,"JVR0574X=JVR0574X=1=en, ja=High","images/JVR0574X=JVR0574X=1=en, ja=High.png",Diagram-Procedural
14,JVS0172X=JVS0172X=1=en=High,images/JVS0172X=JVS0172X=1=en=High.png,Diagram-Other
15,JVS0173X=JVS0173X=1=en=High,images/JVS0173X=JVS0173X=1=en=High.png,Diagram-Other
16,"JVS0294X=JVS0294X=1=en, ja=High","images/JVS0294X=JVS0294X=1=en, ja=High.png",Diagram-Other
17,"JVS0295X=JVS0295X=1=en, ja=High","images/JVS0295X=JVS0295X=1=en, ja=High.png",Diagram-Other
18,"JVS0296X=JVS0296X=1=en, ja=High","images/JVS0296X=JVS0296X=1=en, ja=High.png",Diagram-Other
19,"JVS0297X=JVS0297X=1=en, ja=High","images/JVS0297X=JVS0297X=1=en, ja=High.png",Diagram-Other
20,"JVS0298X=JVS0298X=1=en, ja=High","images/JVS0298X=JVS0298X=1=en, ja=High.png",Diagram-Other
21,"JVS0737X=JVS0737X=1=en, ja=High","images/JVS0737X=JVS0737X=1=en, ja=High.png",Diagram-Other
22,"JVS0738X=JVS0738X=1=en, ja=High","images/JVS0738X=JVS0738X=1=en, ja=High.png",Diagram-Other
23,"JVS0739X=JVS0739X=1=en, ja=High","images/JVS0739X=JVS0739X=1=en, ja=High.png",Diagram-Other
24,"JVS0740X=JVS0740X=1=en, ja=High","images/JVS0740X=JVS0740X=1=en, ja=High.png",Diagram-Other
25,"JVS0741X=JVS0741X=1=en, ja=High","images/JVS0741X=JVS0741X=1=en, ja=High.png",Diagram-Other
26,"JVS0742X=JVS0742X=1=en, ja=High","images/JVS0742X=JVS0742X=1=en, ja=High.png",Diagram-Other
27,JVS0760X=JVS0760X=1=en=High,images/JVS0760X=JVS0760X=1=en=High.png,Diagram-Other
28,JVS0761X=JVS0761X=1=en=High,images/JVS0761X=JVS0761X=1=en=High.png,Diagram-Other
29,"JVT0274X=JVT0274X=1=en, ja=High","images/JVT0274X=JVT0274X=1=en, ja=High.png",Diagram-Other
30,JVT0352X=JVT0352X=1=en=High,images/JVT0352X=JVT0352X=1=en=High.png,Diagram-Other
31,lrs0453=LRS0453=1=en=High,images/lrs0453=LRS0453=1=en=High.png,Diagram-Other
32,lrs0454=LRS0454=1=en=High,images/lrs0454=LRS0454=1=en=High.png,Diagram-Other
33,lrs0455=LRS0455=1=en=High,images/lrs0455=LRS0455=1=en=High.png,Diagram-ItemDictionary
34,lrs0464=LRS0464=1=en=High,images/lrs0464=LRS0464=1=en=High.png,Diagram-Other
35,"LVB0201X=LVB0201X=1=en, ja=High","images/LVB0201X=LVB0201X=1=en, ja=High.png",Diagram-Other
36,mce0001a=MCE0001A=1=en=High,images/mce0001a=MCE0001A=1=en=High.png,Diagram-Procedural
37,"sce0504=SCE0504=1=en, ja=High","images/sce0504=SCE0504=1=en, ja=High.png",Diagram-Procedural
38,"sce0870=SCE0870=1=en, ja=High","images/sce0870=SCE0870=1=en, ja=High.png",Diagram-Procedural
39,SCE0933=SCE0933=1=en=High,images/SCE0933=SCE0933=1=en=High.png,Diagram-ItemDictionary
40,sdi1575=SDI1575=1=en=High,images/sdi1575=SDI1575=1=en=High.png,Diagram-ItemDictionary
41,sdi1606=SDI1606=1=en=High,images/sdi1606=SDI1606=1=en=High.png,Diagram-ItemDictionary
42,sdi1662=SDI1662=1=en=High,images/sdi1662=SDI1662=1=en=High.png,Diagram-Other
43,sdi1663=SDI1663=1=en=High,images/sdi1663=SDI1663=1=en=High.png,Diagram-ItemDictionary
44,sdi1949=SDI1949=1=en=High,images/sdi1949=SDI1949=1=en=High.png,Diagram-Other
45,sdi2503=SDI2503=1=en=High,images/sdi2503=SDI2503=1=en=High.png,Diagram-Procedural
46,sic3505=SIC3505=1=en=High,images/sic3505=SIC3505=1=en=High.png,Diagram-Other
47,"spa2143=SPA2143=1=en, ja=High","images/spa2143=SPA2143=1=en, ja=High.png",Diagram-ItemDictionary
48,SPA2408=SPA2408=1=en=High,images/SPA2408=SPA2408=1=en=High.png,Diagram-Other
49,spa2447=SPA2447=1=en=High,images/spa2447=SPA2447=1=en=High.png,Diagram-Other
50,ssd0253=SSD0253=1=en=High,images/ssd0253=SSD0253=1=en=High.png,Diagram-Other
51,ssd0436=SSD0436=1=en=High,images/ssd0436=SSD0436=1=en=High.png,Diagram-ItemDictionary
52,ssd0488=SSD0488=1=en=High,images/ssd0488=SSD0488=1=en=High.png,Diagram-Procedural
53,ssd0622=SSD0622=1=en=High,images/ssd0622=SSD0622=1=en=High.png,Diagram-Other
54,SSD1030=SSD1030=1=en=High,images/SSD1030=SSD1030=1=en=High.png,Diagram-Other
55,SSS0006=SSS0006=1=en=High,images/SSS0006=SSS0006=1=en=High.png,Diagram-Other
56,SSS0007=SSS0007=1=en=High,images/SSS0007=SSS0007=1=en=High.png,Diagram-Other
57,SSS0008=SSS0008=1=en=High,images/SSS0008=SSS0008=1=en=High.png,Diagram-Other
58,SSS0009=SSS0009=1=en=High,images/SSS0009=SSS0009=1=en=High.png,Diagram-Other
59,sss0014=SSS0014=1=en=High,images/sss0014=SSS0014=1=en=High.png,Diagram-Other
60,SSS0016=SSS0016=1=en=High,images/SSS0016=SSS0016=1=en=High.png,Diagram-Other
61,SSS0059A=SSS0059A=1=en=High,images/SSS0059A=SSS0059A=1=en=High.png,Diagram-Other
62,SSS0099=SSS0099=1=en=High,images/SSS0099=SSS0099=1=en=High.png,Diagram-Other
63,SSS0100=SSS0100=1=en=High,images/SSS0100=SSS0100=1=en=High.png,Diagram-Other
64,sss0131=SSS0131=1=en=High,images/sss0131=SSS0131=1=en=High.png,Diagram-Procedural
65,sss0132=SSS0132=1=en=High,images/sss0132=SSS0132=1=en=High.png,Diagram-Other
66,sss0133=SSS0133=1=en=High,images/sss0133=SSS0133=1=en=High.png,Diagram-Other
67,sss0134=SSS0134=1=en=High,images/sss0134=SSS0134=1=en=High.png,Diagram-Other
68,sss0136=SSS0136=1=en=High,images/sss0136=SSS0136=1=en=High.png,Diagram-Procedural
69,sss0140=SSS0140=1=en=High,images/sss0140=SSS0140=1=en=High.png,Diagram-Other
70,SSS0159=SSS0159=1=en=High,images/SSS0159=SSS0159=1=en=High.png,Diagram-Other
71,sss0162=SSS0162=1=en=High,images/sss0162=SSS0162=1=en=High.png,Diagram-Other
72,sss0188a=SSS0188A=1=en=High,images/sss0188a=SSS0188A=1=en=High.png,Diagram-Other
73,sss0294a=SSS0294A=1=en=High,images/sss0294a=SSS0294A=1=en=High.png,Diagram-Procedural
74,sss0360b=SSS0360B=1=en=High,images/sss0360b=SSS0360B=1=en=High.png,Diagram-Procedural
75,sss0638=SSS0638=1=en=High,images/sss0638=SSS0638=1=en=High.png,Diagram-Procedural
76,sss0639=SSS0639=1=en=High,images/sss0639=SSS0639=1=en=High.png,Diagram-Procedural
77,sss0640=SSS0640=1=en=High,images/sss0640=SSS0640=1=en=High.png,Diagram-Other
78,sss0641=SSS0641=1=en=High,images/sss0641=SSS0641=1=en=High.png,Diagram-Other
79,sss0643=SSS0643=1=en=High,images/sss0643=SSS0643=1=en=High.png,Diagram-Procedural
80,sss0644=SSS0644=1=en=High,images/sss0644=SSS0644=1=en=High.png,Diagram-Other
81,sss0645=SSS0645=1=en=High,images/sss0645=SSS0645=1=en=High.png,Diagram-Procedural
82,sss0646=SSS0646=1=en=High,images/sss0646=SSS0646=1=en=High.png,Diagram-Procedural
83,sss0647=SSS0647=1=en=High,images/sss0647=SSS0647=1=en=High.png,Diagram-Procedural
84,sss0648=SSS0648=1=en=High,images/sss0648=SSS0648=1=en=High.png,Diagram-Procedural
85,sss0649=SSS0649=1=en=High,images/sss0649=SSS0649=1=en=High.png,Diagram-Procedural
86,sss0650=SSS0650=1=en=High,images/sss0650=SSS0650=1=en=High.png,Diagram-Other
87,sss0651=SSS0651=1=en=High,images/sss0651=SSS0651=1=en=High.png,Diagram-Procedural
88,sss0652=SSS0652=1=en=High,images/sss0652=SSS0652=1=en=High.png,Diagram-Procedural
89,sss0653=SSS0653=1=en=High,images/sss0653=SSS0653=1=en=High.png,Diagram-Other
90,sss0654=SSS0654=1=en=High,images/sss0654=SSS0654=1=en=High.png,Diagram-Other
91,sss0655=SSS0655=1=en=High,images/sss0655=SSS0655=1=en=High.png,Diagram-Procedural
92,sss0656=SSS0656=1=en=High,images/sss0656=SSS0656=1=en=High.png,Diagram-Other
93,sss0657=SSS0657=1=en=High,images/sss0657=SSS0657=1=en=High.png,Diagram-Procedural
94,sss0658=SSS0658=1=en=High,images/sss0658=SSS0658=1=en=High.png,Diagram-Other
95,sss0992=SSS0992=1=en=High,images/sss0992=SSS0992=1=en=High.png,Diagram-ItemDictionary
96,SSS0993=SSS0993=1=en=High,images/SSS0993=SSS0993=1=en=High.png,Diagram-Other
97,sss0994=SSS0994=1=en=High,images/sss0994=SSS0994=1=en=High.png,Diagram-Other
98,SSS0997=SSS0997=1=en=High,images/SSS0997=SSS0997=1=en=High.png,Diagram-Other
99,"SSS1020=SSS1020=1=en, ja=High","images/SSS1020=SSS1020=1=en, ja=High.png",Diagram-Procedural
100,SSS1037=SSS1037=1=en=High,images/SSS1037=SSS1037=1=en=High.png,Diagram-Other
101,SSS1038=SSS1038=1=en=High,images/SSS1038=SSS1038=1=en=High.png,Diagram-ItemDictionary
102,STI0445=STI0445=1=en=High,images/STI0445=STI0445=1=en=High.png,Diagram-ItemDictionary
103,sti0494=STI0494=1=en=High,images/sti0494=STI0494=1=en=High.png,Diagram-Other
104,sti0541=STI0541=1=en=High,images/sti0541=STI0541=1=en=High.png,Diagram-Other
105,STI0542=STI0542=1=en=High,images/STI0542=STI0542=1=en=High.png,Diagram-Other
106,STI0718=STI0718=1=en=High,images/STI0718=STI0718=1=en=High.png,Diagram-Procedural
107,TI1012M=TI1012M=1=en=High,images/TI1012M=TI1012M=1=en=High.png,Diagram-Other
108,"WAB0039X=WAB0039X=1=en, ja=High","images/WAB0039X=WAB0039X=1=en, ja=High.png",Diagram-Procedural
109,"WAB0128X=WAB0128X=1=en, ja=High","images/WAB0128X=WAB0128X=1=en, ja=High.png",Diagram-Other
110,"WAB0267X=WAB0267X=1=en, ja=High","images/WAB0267X=WAB0267X=1=en, ja=High.png",Diagram-Procedural
111,"WAB0319X=WAB0319X=1=en, ja=High","images/WAB0319X=WAB0319X=1=en, ja=High.png",Diagram-Other
112,"WAC0317X=WAC0317X=1=en, ja=High","images/WAC0317X=WAC0317X=1=en, ja=High.png",Diagram-Procedural
113,"WAC0319X=WAC0319X=1=en, ja=High","images/WAC0319X=WAC0319X=1=en, ja=High.png",Diagram-Procedural
114,"WAC0320X=WAC0320X=1=en, ja=High","images/WAC0320X=WAC0320X=1=en, ja=High.png",Diagram-Procedural
115,"WAC0321X=WAC0321X=1=en, ja=High","images/WAC0321X=WAC0321X=1=en, ja=High.png",Diagram-Procedural
116,"WAC0322X=WAC0322X=1=en, ja=High","images/WAC0322X=WAC0322X=1=en, ja=High.png",Diagram-Procedural
117,"WAC0323X=WAC0323X=1=en, ja=High","images/WAC0323X=WAC0323X=1=en, ja=High.png",Diagram-Procedural
118,"WAC0324X=WAC0324X=1=en, ja=High","images/WAC0324X=WAC0324X=1=en, ja=High.png",Diagram-Other
119,"WAC0489X=WAC0489X=1=en, ja=High","images/WAC0489X=WAC0489X=1=en, ja=High.png",Diagram-Other
120,"WAC0490X=WAC0490X=1=en, ja=High","images/WAC0490X=WAC0490X=1=en, ja=High.png",Diagram-Other
121,"WAC0492X=WAC0492X=1=en, ja=High","images/WAC0492X=WAC0492X=1=en, ja=High.png",Diagram-Procedural
122,"WAC0522X=WAC0522X=1=en, ja=High","images/WAC0522X=WAC0522X=1=en, ja=High.png",Diagram-Other
123,"WAC0533X=WAC0533X=1=en, ja=High","images/WAC0533X=WAC0533X=1=en, ja=High.png",Diagram-Procedural
124,"WAC0560X=WAC0560X=1=en, ja=High","images/WAC0560X=WAC0560X=1=en, ja=High.png",Diagram-Procedural
125,"WAC0561X=WAC0561X=1=en, ja=High","images/WAC0561X=WAC0561X=1=en, ja=High.png",Diagram-Other
126,"WAC0758X=WAC0758X=1=en, ja=High","images/WAC0758X=WAC0758X=1=en, ja=High.png",Diagram-Procedural
127,"WAC0887X=WAC0887X=1=en, ja=High","images/WAC0887X=WAC0887X=1=en, ja=High.png",Diagram-Procedural
128,"WAC0888X=WAC0888X=1=en, ja=High","images/WAC0888X=WAC0888X=1=en, ja=High.png",Diagram-Procedural
129,"WAC1243X=WAC1243X=1=en, ja=High","images/WAC1243X=WAC1243X=1=en, ja=High.png",Diagram-Other
130,"WAC1278X=WAC1278X=1=en, ja=High","images/WAC1278X=WAC1278X=1=en, ja=High.png",Diagram-Other
131,"WAC1280X=WAC1280X=1=en, ja=High","images/WAC1280X=WAC1280X=1=en, ja=High.png",Diagram-Other
132,"WAC1282X=WAC1282X=1=en, ja=High","images/WAC1282X=WAC1282X=1=en, ja=High.png",Diagram-Other
133,"WAC1284X=WAC1284X=1=en, ja=High","images/WAC1284X=WAC1284X=1=en, ja=High.png",Diagram-Other
134,"WAC1289X=WAC1289X=1=en, ja=High","images/WAC1289X=WAC1289X=1=en, ja=High.png",Diagram-Other
135,"WAC1292X=WAC1292X=1=en, ja=High","images/WAC1292X=WAC1292X=1=en, ja=High.png",Diagram-Other
136,"WAC1294X=WAC1294X=1=en, ja=High","images/WAC1294X=WAC1294X=1=en, ja=High.png",Diagram-Other
137,"WAC1296X=WAC1296X=1=en, ja=High","images/WAC1296X=WAC1296X=1=en, ja=High.png",Diagram-Other
138,"WAC1298X=WAC1298X=1=en, ja=High","images/WAC1298X=WAC1298X=1=en, ja=High.png",Diagram-Other
139,"WAC1300X=WAC1300X=1=en, ja=High","images/WAC1300X=WAC1300X=1=en, ja=High.png",Diagram-Other
140,"WAC1302X=WAC1302X=1=en, ja=High","images/WAC1302X=WAC1302X=1=en, ja=High.png",Diagram-Other
141,"WAC1304X=WAC1304X=1=en, ja=High","images/WAC1304X=WAC1304X=1=en, ja=High.png",Diagram-Other
142,"WAC1306X=WAC1306X=1=en, ja=High","images/WAC1306X=WAC1306X=1=en, ja=High.png",Diagram-Other
143,"WAC1308X=WAC1308X=1=en, ja=High","images/WAC1308X=WAC1308X=1=en, ja=High.png",Diagram-Other
144,"WAD0021X=WAD0021X=1=en, ja=High","images/WAD0021X=WAD0021X=1=en, ja=High.png",Diagram-Procedural
145,"WAD0206X=WAD0206X=1=en, ja=High","images/WAD0206X=WAD0206X=1=en, ja=High.png",Diagram-ItemDictionary
146,"WAD0207X=WAD0207X=1=en, ja=High","images/WAD0207X=WAD0207X=1=en, ja=High.png",Diagram-Other
147,"WAD0209X=WAD0209X=1=en, ja=High","images/WAD0209X=WAD0209X=1=en, ja=High.png",Diagram-ItemDictionary
148,"WAD0229X=WAD0229X=1=en, ja=High","images/WAD0229X=WAD0229X=1=en, ja=High.png",Diagram-Procedural
149,"WAD0230X=WAD0230X=1=en, ja=High","images/WAD0230X=WAD0230X=1=en, ja=High.png",Diagram-Other
150,"WAD0238X=WAD0238X=1=en, ja=High","images/WAD0238X=WAD0238X=1=en, ja=High.png",Diagram-Procedural
151,"WAD0250X=WAD0250X=1=en, ja=High","images/WAD0250X=WAD0250X=1=en, ja=High.png",Diagram-Procedural
152,"WAD0252X=WAD0252X=1=en, ja=High","images/WAD0252X=WAD0252X=1=en, ja=High.png",Diagram-Procedural
153,"WAD0308X=WAD0308X=1=en, ja=High","images/WAD0308X=WAD0308X=1=en, ja=High.png",Diagram-Procedural
154,"WAD0355X=WAD0355X=1=en, ja=High","images/WAD0355X=WAD0355X=1=en, ja=High.png",Diagram-Procedural
155,"WAD0359X=WAD0359X=1=en, ja=High","images/WAD0359X=WAD0359X=1=en, ja=High.png",Diagram-ItemDictionary
156,"WAE0501X=WAE0501X=1=en, ja=High","images/WAE0501X=WAE0501X=1=en, ja=High.png",Diagram-ItemDictionary
157,"WAE0853X=WAE0853X=1=en, ja=High","images/WAE0853X=WAE0853X=1=en, ja=High.png",Diagram-ItemDictionary
158,"WAE0854X=WAE0854X=1=en, ja=High","images/WAE0854X=WAE0854X=1=en, ja=High.png",Diagram-ItemDictionary
159,"WAF0126X=WAF0126X=1=en, ja=High","images/WAF0126X=WAF0126X=1=en, ja=High.png",Diagram-Procedural
160,"WAF0521X=WAF0521X=1=en, ja=High","images/WAF0521X=WAF0521X=1=en, ja=High.png",Diagram-Other
161,"WAF0555X=WAF0555X=1=en, ja=High","images/WAF0555X=WAF0555X=1=en, ja=High.png",Diagram-Other
162,"WAF0785X=WAF0785X=1=en, ja=High","images/WAF0785X=WAF0785X=1=en, ja=High.png",Diagram-Other
163,"WAF0787X=WAF0787X=1=en, ja=High","images/WAF0787X=WAF0787X=1=en, ja=High.png",Diagram-Other
164,"WAF0788X=WAF0788X=1=en, ja=High","images/WAF0788X=WAF0788X=1=en, ja=High.png",Diagram-Other
165,"WAF0854X=WAF0854X=1=en, ja=High","images/WAF0854X=WAF0854X=1=en, ja=High.png",Diagram-ItemDictionary
166,"WAF0856X=WAF0856X=1=en, ja=High","images/WAF0856X=WAF0856X=1=en, ja=High.png",Diagram-Procedural
167,"WAF0857X=WAF0857X=1=en, ja=High","images/WAF0857X=WAF0857X=1=en, ja=High.png",Diagram-ItemDictionary
168,"WAF0867X=WAF0867X=1=en, ja=High","images/WAF0867X=WAF0867X=1=en, ja=High.png",Diagram-Other
169,"WAF0868X=WAF0868X=1=en, ja=High","images/WAF0868X=WAF0868X=1=en, ja=High.png",Diagram-Other
170,"WAF0870X=WAF0870X=1=en, ja=High","images/WAF0870X=WAF0870X=1=en, ja=High.png",Diagram-Procedural
171,"WAF0871X=WAF0871X=1=en, ja=High","images/WAF0871X=WAF0871X=1=en, ja=High.png",Diagram-Other
172,"WAF0872X=WAF0872X=1=en, ja=High","images/WAF0872X=WAF0872X=1=en, ja=High.png",Diagram-Other
173,"WAF0882X=WAF0882X=1=en, ja=High","images/WAF0882X=WAF0882X=1=en, ja=High.png",Diagram-Procedural
174,"WAF0896X=WAF0896X=1=en, ja=High","images/WAF0896X=WAF0896X=1=en, ja=High.png",Diagram-ItemDictionary
175,"WAF0923X=WAF0923X=1=en, ja=High","images/WAF0923X=WAF0923X=1=en, ja=High.png",Diagram-Other
176,"WAF1153X=WAF1153X=1=en, ja=High","images/WAF1153X=WAF1153X=1=en, ja=High.png",Diagram-Other
177,"WAF1154X=WAF1154X=1=en, ja=High","images/WAF1154X=WAF1154X=1=en, ja=High.png",Diagram-Procedural
178,"WAF1155X=WAF1155X=1=en, ja=High","images/WAF1155X=WAF1155X=1=en, ja=High.png",Diagram-Other
179,"WAF1156X=WAF1156X=1=en, ja=High","images/WAF1156X=WAF1156X=1=en, ja=High.png",Diagram-ItemDictionary
180,"WAF1157X=WAF1157X=1=en, ja=High","images/WAF1157X=WAF1157X=1=en, ja=High.png",Diagram-Other
181,"WAG0161X=WAG0161X=1=en, ja=High","images/WAG0161X=WAG0161X=1=en, ja=High.png",Diagram-Procedural
182,"WAG0162X=WAG0162X=1=en, ja=High","images/WAG0162X=WAG0162X=1=en, ja=High.png",Diagram-Procedural
183,"WAG0163X=WAG0163X=1=en, ja=High","images/WAG0163X=WAG0163X=1=en, ja=High.png",Diagram-Procedural
184,"WAG0231X=WAG0231X=1=en, ja=High","images/WAG0231X=WAG0231X=1=en, ja=High.png",Diagram-Other
185,"WAI0163X=WAI0163X=1=en, ja=High","images/WAI0163X=WAI0163X=1=en, ja=High.png",Diagram-Procedural
186,"WAI0200X=WAI0200X=1=en, ja=High","images/WAI0200X=WAI0200X=1=en, ja=High.png",Diagram-Other
187,"WAI0270X=WAI0270X=1=en, ja=High","images/WAI0270X=WAI0270X=1=en, ja=High.png",Diagram-Procedural
188,"WAI0339X=WAI0339X=1=en, ja=High","images/WAI0339X=WAI0339X=1=en, ja=High.png",Diagram-ItemDictionary
189,"WAI0382X=WAI0382X=1=en, ja=High","images/WAI0382X=WAI0382X=1=en, ja=High.png",Diagram-Procedural
190,"WBA0012X=WBA0012X=1=en, ja=High","images/WBA0012X=WBA0012X=1=en, ja=High.png",Diagram-ItemDictionary
191,"WBA0025X=WBA0025X=1=en, ja=High","images/WBA0025X=WBA0025X=1=en, ja=High.png",Diagram-ItemDictionary
192,"WBA0026X=WBA0026X=1=en, ja=High","images/WBA0026X=WBA0026X=1=en, ja=High.png",Diagram-ItemDictionary
193,"WBA0027X=WBA0027X=1=en, ja=High","images/WBA0027X=WBA0027X=1=en, ja=High.png",Diagram-ItemDictionary
194,"WBA0028X=WBA0028X=1=en, ja=High","images/WBA0028X=WBA0028X=1=en, ja=High.png",Diagram-ItemDictionary
195,"WBA0029X=WBA0029X=1=en, ja=High","images/WBA0029X=WBA0029X=1=en, ja=High.png",Diagram-ItemDictionary
196,"WBA0030X=WBA0030X=1=en, ja=High","images/WBA0030X=WBA0030X=1=en, ja=High.png",Diagram-ItemDictionary
197,"WBA0031X=WBA0031X=1=en, ja=High","images/WBA0031X=WBA0031X=1=en, ja=High.png",Diagram-ItemDictionary
198,"WBB0012X=WBB0012X=1=en, ja=High","images/WBB0012X=WBB0012X=1=en, ja=High.png",Diagram-Procedural
199,"WBB0013X=WBB0013X=1=en, ja=High","images/WBB0013X=WBB0013X=1=en, ja=High.png",Diagram-Procedural
200,"WBB0014X=WBB0014X=1=en, ja=High","images/WBB0014X=WBB0014X=1=en, ja=High.png",Diagram-Procedural
201,"WBB0015X=WBB0015X=1=en, ja=High","images/WBB0015X=WBB0015X=1=en, ja=High.png",Diagram-Procedural
202,"WBB0016X=WBB0016X=1=en, ja=High","images/WBB0016X=WBB0016X=1=en, ja=High.png",Diagram-Procedural
203,"WBB0017X=WBB0017X=1=en, ja=High","images/WBB0017X=WBB0017X=1=en, ja=High.png",Diagram-Procedural
204,"WBB0021X=WBB0021X=1=en, ja=High","images/WBB0021X=WBB0021X=1=en, ja=High.png",Diagram-Other
205,"WBB0022X=WBB0022X=1=en, ja=High","images/WBB0022X=WBB0022X=1=en, ja=High.png",Diagram-Other
206,"WBB0027X=WBB0027X=1=en, ja=High","images/WBB0027X=WBB0027X=1=en, ja=High.png",Diagram-Other
207,"WBB0031X=WBB0031X=1=en, ja=High","images/WBB0031X=WBB0031X=1=en, ja=High.png",Diagram-Other
208,"WBB0032X=WBB0032X=1=en, ja=High","images/WBB0032X=WBB0032X=1=en, ja=High.png",Diagram-ItemDictionary
209,"WBB0036X=WBB0036X=1=en, ja=High","images/WBB0036X=WBB0036X=1=en, ja=High.png",Diagram-Other
210,"WBB0056X=WBB0056X=1=en, ja=High","images/WBB0056X=WBB0056X=1=en, ja=High.png",Diagram-ItemDictionary
211,"WBB0057X=WBB0057X=1=en, ja=High","images/WBB0057X=WBB0057X=1=en, ja=High.png",Diagram-Other
212,"WBB0058X=WBB0058X=1=en, ja=High","images/WBB0058X=WBB0058X=1=en, ja=High.png",Diagram-Other
213,"WBB0059X=WBB0059X=1=en, ja=High","images/WBB0059X=WBB0059X=1=en, ja=High.png",Diagram-Other
214,"WBB0060X=WBB0060X=1=en, ja=High","images/WBB0060X=WBB0060X=1=en, ja=High.png",Diagram-Other
215,"WBB0061X=WBB0061X=1=en, ja=High","images/WBB0061X=WBB0061X=1=en, ja=High.png",Diagram-ItemDictionary
216,"WBB0062X=WBB0062X=1=en, ja=High","images/WBB0062X=WBB0062X=1=en, ja=High.png",Diagram-Other
217,"WBB0063X=WBB0063X=1=en, ja=High","images/WBB0063X=WBB0063X=1=en, ja=High.png",Diagram-Procedural
218,"WBB0064X=WBB0064X=1=en, ja=High","images/WBB0064X=WBB0064X=1=en, ja=High.png",Diagram-Other
219,"WBB0065X=WBB0065X=1=en, ja=High","images/WBB0065X=WBB0065X=1=en, ja=High.png",Diagram-Other
220,"WBC0031X=WBC0031X=1=en, ja=High","images/WBC0031X=WBC0031X=1=en, ja=High.png",Diagram-Procedural
221,"WBC0032X=WBC0032X=1=en, ja=High","images/WBC0032X=WBC0032X=1=en, ja=High.png",Diagram-ItemDictionary
222,"WBC0033X=WBC0033X=1=en, ja=High","images/WBC0033X=WBC0033X=1=en, ja=High.png",Diagram-ItemDictionary
223,"WBC0039X=WBC0039X=1=en, ja=High","images/WBC0039X=WBC0039X=1=en, ja=High.png",Diagram-Procedural
224,"WBC0041X=WBC0041X=1=en, ja=High","images/WBC0041X=WBC0041X=1=en, ja=High.png",Diagram-ItemDictionary
225,"WBC0042X=WBC0042X=1=en, ja=High","images/WBC0042X=WBC0042X=1=en, ja=High.png",Diagram-Procedural
226,"WBC0045X=WBC0045X=1=en, ja=High","images/WBC0045X=WBC0045X=1=en, ja=High.png",Diagram-ItemDictionary
227,"WBC0047X=WBC0047X=1=en, ja=High","images/WBC0047X=WBC0047X=1=en, ja=High.png",Diagram-Other
228,"WBC0048X=WBC0048X=1=en, ja=High","images/WBC0048X=WBC0048X=1=en, ja=High.png",Diagram-ItemDictionary
229,"WBC0049X=WBC0049X=1=en, ja=High","images/WBC0049X=WBC0049X=1=en, ja=High.png",Diagram-Procedural
230,"WBC0051X=WBC0051X=1=en, ja=High","images/WBC0051X=WBC0051X=1=en, ja=High.png",Diagram-ItemDictionary
231,"WBC0052X=WBC0052X=1=en, ja=High","images/WBC0052X=WBC0052X=1=en, ja=High.png",Diagram-Procedural
232,"WBC0053X=WBC0053X=1=en, ja=High","images/WBC0053X=WBC0053X=1=en, ja=High.png",Diagram-Other
233,"WBC0054X=WBC0054X=1=en, ja=High","images/WBC0054X=WBC0054X=1=en, ja=High.png",Diagram-Other
234,"WBC0055X=WBC0055X=1=en, ja=High","images/WBC0055X=WBC0055X=1=en, ja=High.png",Diagram-Other
235,"WBC0056X=WBC0056X=1=en, ja=High","images/WBC0056X=WBC0056X=1=en, ja=High.png",Diagram-Procedural
236,"WBC0057X=WBC0057X=1=en, ja=High","images/WBC0057X=WBC0057X=1=en, ja=High.png",Diagram-Procedural
237,"WBC0058X=WBC0058X=1=en, ja=High","images/WBC0058X=WBC0058X=1=en, ja=High.png",Diagram-Procedural
238,"WBC0059X=WBC0059X=1=en, ja=High","images/WBC0059X=WBC0059X=1=en, ja=High.png",Diagram-ItemDictionary
239,"WBC0060X=WBC0060X=1=en, ja=High","images/WBC0060X=WBC0060X=1=en, ja=High.png",Diagram-ItemDictionary
240,"WBC0061X=WBC0061X=1=en, ja=High","images/WBC0061X=WBC0061X=1=en, ja=High.png",Diagram-Other
241,"WBC0062X=WBC0062X=1=en, ja=High","images/WBC0062X=WBC0062X=1=en, ja=High.png",Diagram-ItemDictionary
242,"WBC0063X=WBC0063X=1=en, ja=High","images/WBC0063X=WBC0063X=1=en, ja=High.png",Diagram-Other
243,"WBC0066X=WBC0066X=1=en, ja=High","images/WBC0066X=WBC0066X=1=en, ja=High.png",Diagram-ItemDictionary
244,"WBC0068X=WBC0068X=1=en, ja=High","images/WBC0068X=WBC0068X=1=en, ja=High.png",Diagram-Other
245,"WBC0070X=WBC0070X=1=en, ja=High","images/WBC0070X=WBC0070X=1=en, ja=High.png",Diagram-Other
246,"WBC0071X=WBC0071X=1=en, ja=High","images/WBC0071X=WBC0071X=1=en, ja=High.png",Diagram-Other
247,"WBC0073X=WBC0073X=1=en, ja=High","images/WBC0073X=WBC0073X=1=en, ja=High.png",Diagram-Procedural
248,"WBC0074X=WBC0074X=1=en, ja=High","images/WBC0074X=WBC0074X=1=en, ja=High.png",Diagram-Procedural
249,"WBC0076X=WBC0076X=1=en, ja=High","images/WBC0076X=WBC0076X=1=en, ja=High.png",Diagram-ItemDictionary
250,"WBC0082X=WBC0082X=1=en, ja=High","images/WBC0082X=WBC0082X=1=en, ja=High.png",Diagram-Other
251,"WBC0143X=WBC0143X=1=en, ja=High","images/WBC0143X=WBC0143X=1=en, ja=High.png",Diagram-Other
252,"WBC0144X=WBC0144X=1=en, ja=High","images/WBC0144X=WBC0144X=1=en, ja=High.png",Diagram-Other
253,"WBC0145X=WBC0145X=1=en, ja=High","images/WBC0145X=WBC0145X=1=en, ja=High.png",Diagram-Other
254,"WBC0146X=WBC0146X=1=en, ja=High","images/WBC0146X=WBC0146X=1=en, ja=High.png",Diagram-Procedural
255,"WBC0147X=WBC0147X=1=en, ja=High","images/WBC0147X=WBC0147X=1=en, ja=High.png",Diagram-Other
256,"WBC0148X=WBC0148X=1=en, ja=High","images/WBC0148X=WBC0148X=1=en, ja=High.png",Diagram-ItemDictionary
257,"WBC0149X=WBC0149X=1=en, ja=High","images/WBC0149X=WBC0149X=1=en, ja=High.png",Diagram-Other
258,"WBC0151X=WBC0151X=1=en, ja=High","images/WBC0151X=WBC0151X=1=en, ja=High.png",Diagram-Other
259,"WBC0152X=WBC0152X=1=en, ja=High","images/WBC0152X=WBC0152X=1=en, ja=High.png",Diagram-Other
260,"WBC0153X=WBC0153X=1=en, ja=High","images/WBC0153X=WBC0153X=1=en, ja=High.png",Diagram-ItemDictionary
261,"WBC0154X=WBC0154X=1=en, ja=High","images/WBC0154X=WBC0154X=1=en, ja=High.png",Diagram-ItemDictionary
262,"WBC0155X=WBC0155X=1=en, ja=High","images/WBC0155X=WBC0155X=1=en, ja=High.png",Diagram-Procedural
263,"WBC0157X=WBC0157X=1=en, ja=High","images/WBC0157X=WBC0157X=1=en, ja=High.png",Diagram-Procedural
264,"WBC0158X=WBC0158X=1=en, ja=High","images/WBC0158X=WBC0158X=1=en, ja=High.png",Diagram-Procedural
265,"WBC0159X=WBC0159X=1=en, ja=High","images/WBC0159X=WBC0159X=1=en, ja=High.png",Diagram-Other
266,"WBC0160X=WBC0160X=1=en, ja=High","images/WBC0160X=WBC0160X=1=en, ja=High.png",Diagram-Other
267,"WBC0184X=WBC0184X=1=en, ja=High","images/WBC0184X=WBC0184X=1=en, ja=High.png",Diagram-Procedural
268,"WBC0185X=WBC0185X=1=en, ja=High","images/WBC0185X=WBC0185X=1=en, ja=High.png",Diagram-Procedural
269,"WBC0186X=WBC0186X=1=en, ja=High","images/WBC0186X=WBC0186X=1=en, ja=High.png",Diagram-ItemDictionary
270,"WBC0211X=WBC0211X=1=en, ja=High","images/WBC0211X=WBC0211X=1=en, ja=High.png",Diagram-Procedural
271,"WBD0016X=WBD0016X=1=en, ja=High","images/WBD0016X=WBD0016X=1=en, ja=High.png",Diagram-Procedural
272,"WBD0017X=WBD0017X=1=en, ja=High","images/WBD0017X=WBD0017X=1=en, ja=High.png",Diagram-Other
273,"WBD0019X=WBD0019X=1=en, ja=High","images/WBD0019X=WBD0019X=1=en, ja=High.png",Diagram-Procedural
274,"WBD0022X=WBD0022X=1=en, ja=High","images/WBD0022X=WBD0022X=1=en, ja=High.png",Diagram-Procedural
275,"WBD0023X=WBD0023X=1=en, ja=High","images/WBD0023X=WBD0023X=1=en, ja=High.png",Diagram-Procedural
276,"WBD0024X=WBD0024X=1=en, ja=High","images/WBD0024X=WBD0024X=1=en, ja=High.png",Diagram-Other
277,"WBD0025X=WBD0025X=1=en, ja=High","images/WBD0025X=WBD0025X=1=en, ja=High.png",Diagram-Procedural
278,"WBD0027X=WBD0027X=1=en, ja=High","images/WBD0027X=WBD0027X=1=en, ja=High.png",Diagram-Procedural
279,"WBD0028X=WBD0028X=1=en, ja=High","images/WBD0028X=WBD0028X=1=en, ja=High.png",Diagram-Other
280,"WBD0030X=WBD0030X=1=en, ja=High","images/WBD0030X=WBD0030X=1=en, ja=High.png",Diagram-ItemDictionary
281,"WBD0031X=WBD0031X=1=en, ja=High","images/WBD0031X=WBD0031X=1=en, ja=High.png",Diagram-Procedural
282,"WBD0032X=WBD0032X=1=en, ja=High","images/WBD0032X=WBD0032X=1=en, ja=High.png",Diagram-Procedural
283,"WBD0033X=WBD0033X=1=en, ja=High","images/WBD0033X=WBD0033X=1=en, ja=High.png",Diagram-Procedural
284,"WBD0034X=WBD0034X=1=en, ja=High","images/WBD0034X=WBD0034X=1=en, ja=High.png",Diagram-Procedural
285,"WBD0035X=WBD0035X=1=en, ja=High","images/WBD0035X=WBD0035X=1=en, ja=High.png",Diagram-Other
286,"WBD0036X=WBD0036X=1=en, ja=High","images/WBD0036X=WBD0036X=1=en, ja=High.png",Diagram-Procedural
287,"WBD0037X=WBD0037X=1=en, ja=High","images/WBD0037X=WBD0037X=1=en, ja=High.png",Diagram-Procedural
288,"WBD0043X=WBD0043X=1=en, ja=High","images/WBD0043X=WBD0043X=1=en, ja=High.png",Diagram-Procedural
289,"WBD0047X=WBD0047X=1=en, ja=High","images/WBD0047X=WBD0047X=1=en, ja=High.png",Diagram-ItemDictionary
290,"WBD0048X=WBD0048X=1=en, ja=High","images/WBD0048X=WBD0048X=1=en, ja=High.png",Diagram-ItemDictionary
291,"WBD0049X=WBD0049X=1=en, ja=High","images/WBD0049X=WBD0049X=1=en, ja=High.png",Diagram-ItemDictionary
292,"WBD0050X=WBD0050X=1=en, ja=High","images/WBD0050X=WBD0050X=1=en, ja=High.png",Diagram-ItemDictionary
293,"WBD0051X=WBD0051X=1=en, ja=High","images/WBD0051X=WBD0051X=1=en, ja=High.png",Diagram-ItemDictionary
294,"WBD0052X=WBD0052X=1=en, ja=High","images/WBD0052X=WBD0052X=1=en, ja=High.png",Diagram-ItemDictionary
295,"WBD0053X=WBD0053X=1=en, ja=High","images/WBD0053X=WBD0053X=1=en, ja=High.png",Diagram-Other
296,"WBD0056X=WBD0056X=1=en, ja=High","images/WBD0056X=WBD0056X=1=en, ja=High.png",Diagram-Other
297,"WBE0004X=WBE0004X=1=en, ja=High","images/WBE0004X=WBE0004X=1=en, ja=High.png",Diagram-Other
298,"WBE0005X=WBE0005X=1=en, ja=High","images/WBE0005X=WBE0005X=1=en, ja=High.png",Diagram-ItemDictionary
299,"WBE0006X=WBE0006X=1=en, ja=High","images/WBE0006X=WBE0006X=1=en, ja=High.png",Diagram-Other
300,"WBE0007X=WBE0007X=1=en, ja=High","images/WBE0007X=WBE0007X=1=en, ja=High.png",Diagram-ItemDictionary
301,"WBE0009X=WBE0009X=1=en, ja=High","images/WBE0009X=WBE0009X=1=en, ja=High.png",Diagram-Other
302,"WBE0011X=WBE0011X=1=en, ja=High","images/WBE0011X=WBE0011X=1=en, ja=High.png",Diagram-Procedural
303,"WBE0014X=WBE0014X=1=en, ja=High","images/WBE0014X=WBE0014X=1=en, ja=High.png",Diagram-Procedural
304,"WBE0018X=WBE0018X=1=en, ja=High","images/WBE0018X=WBE0018X=1=en, ja=High.png",Diagram-Other
305,"WBE0019X=WBE0019X=1=en, ja=High","images/WBE0019X=WBE0019X=1=en, ja=High.png",Diagram-Other
306,"WBE0020X=WBE0020X=1=en, ja=High","images/WBE0020X=WBE0020X=1=en, ja=High.png",Diagram-Other
307,"WBE0021X=WBE0021X=1=en, ja=High","images/WBE0021X=WBE0021X=1=en, ja=High.png",Diagram-ItemDictionary
308,"WBE0024X=WBE0024X=1=en, ja=High","images/WBE0024X=WBE0024X=1=en, ja=High.png",Diagram-ItemDictionary
309,"WBE0025X=WBE0025X=1=en, ja=High","images/WBE0025X=WBE0025X=1=en, ja=High.png",Diagram-ItemDictionary
310,"WBE0028X=WBE0028X=1=en, ja=High","images/WBE0028X=WBE0028X=1=en, ja=High.png",Diagram-Other
311,"WBE0035X=WBE0035X=1=en, ja=High","images/WBE0035X=WBE0035X=1=en, ja=High.png",Diagram-Other
312,"WBE0053X=WBE0053X=1=en, ja=High","images/WBE0053X=WBE0053X=1=en, ja=High.png",Diagram-ItemDictionary
313,"WBE0054X=WBE0054X=1=en, ja=High","images/WBE0054X=WBE0054X=1=en, ja=High.png",Diagram-Other
314,"WBE0055X=WBE0055X=1=en, ja=High","images/WBE0055X=WBE0055X=1=en, ja=High.png",Diagram-Other
315,"WBE0056X=WBE0056X=1=en, ja=High","images/WBE0056X=WBE0056X=1=en, ja=High.png",Diagram-Other
316,"WBE0057X=WBE0057X=1=en, ja=High","images/WBE0057X=WBE0057X=1=en, ja=High.png",Diagram-Other
317,"WBE0058X=WBE0058X=1=en, ja=High","images/WBE0058X=WBE0058X=1=en, ja=High.png",Diagram-Procedural
318,"WBE0059X=WBE0059X=1=en, ja=High","images/WBE0059X=WBE0059X=1=en, ja=High.png",Diagram-Procedural
319,"WBE0060X=WBE0060X=1=en, ja=High","images/WBE0060X=WBE0060X=1=en, ja=High.png",Diagram-ItemDictionary
320,"WBE0061X=WBE0061X=1=en, ja=High","images/WBE0061X=WBE0061X=1=en, ja=High.png",Diagram-ItemDictionary
321,"WBE0062X=WBE0062X=1=en, ja=High","images/WBE0062X=WBE0062X=1=en, ja=High.png",Diagram-Other
322,"WBE0063X=WBE0063X=1=en, ja=High","images/WBE0063X=WBE0063X=1=en, ja=High.png",Diagram-Other
323,"WBE0064X=WBE0064X=1=en, ja=High","images/WBE0064X=WBE0064X=1=en, ja=High.png",Diagram-Other
324,"WBE0065X=WBE0065X=1=en, ja=High","images/WBE0065X=WBE0065X=1=en, ja=High.png",Diagram-Other
325,"WBE0066X=WBE0066X=1=en, ja=High","images/WBE0066X=WBE0066X=1=en, ja=High.png",Diagram-Procedural
326,"WBE0067X=WBE0067X=1=en, ja=High","images/WBE0067X=WBE0067X=1=en, ja=High.png",Diagram-Procedural
327,"WBE0068X=WBE0068X=1=en, ja=High","images/WBE0068X=WBE0068X=1=en, ja=High.png",Diagram-Other
328,"WBE0069X=WBE0069X=1=en, ja=High","images/WBE0069X=WBE0069X=1=en, ja=High.png",Diagram-Other
329,"WBE0070X=WBE0070X=1=en, ja=High","images/WBE0070X=WBE0070X=1=en, ja=High.png",Diagram-Procedural
330,"WBE0071X=WBE0071X=1=en, ja=High","images/WBE0071X=WBE0071X=1=en, ja=High.png",Diagram-Procedural
331,"WBE0072X=WBE0072X=1=en, ja=High","images/WBE0072X=WBE0072X=1=en, ja=High.png",Diagram-Other
332,"WBE0073X=WBE0073X=1=en, ja=High","images/WBE0073X=WBE0073X=1=en, ja=High.png",Diagram-Other
333,"WBE0074X=WBE0074X=1=en, ja=High","images/WBE0074X=WBE0074X=1=en, ja=High.png",Diagram-Other
334,"WBE0075X=WBE0075X=1=en, ja=High","images/WBE0075X=WBE0075X=1=en, ja=High.png",Diagram-ItemDictionary
335,"WBE0076X=WBE0076X=1=en, ja=High","images/WBE0076X=WBE0076X=1=en, ja=High.png",Diagram-ItemDictionary
336,"WBE0085X=WBE0085X=1=en, ja=High","images/WBE0085X=WBE0085X=1=en, ja=High.png",Diagram-ItemDictionary
337,"WBF0017X=WBF0017X=1=en, ja=High","images/WBF0017X=WBF0017X=1=en, ja=High.png",Diagram-Other
338,"WBF0025X=WBF0025X=1=en, ja=High","images/WBF0025X=WBF0025X=1=en, ja=High.png",Diagram-Other
339,"WBF0038X=WBF0038X=1=en, ja=High","images/WBF0038X=WBF0038X=1=en, ja=High.png",Diagram-Procedural
340,"WBF0044X=WBF0044X=1=en, ja=High","images/WBF0044X=WBF0044X=1=en, ja=High.png",Diagram-Procedural
341,"WBF0045X=WBF0045X=1=en, ja=High","images/WBF0045X=WBF0045X=1=en, ja=High.png",Diagram-Procedural
342,"WBF0047X=WBF0047X=1=en, ja=High","images/WBF0047X=WBF0047X=1=en, ja=High.png",Diagram-Procedural
343,"WBF0049X=WBF0049X=1=en, ja=High","images/WBF0049X=WBF0049X=1=en, ja=High.png",Diagram-Other
344,"WBF0051X=WBF0051X=1=en, ja=High","images/WBF0051X=WBF0051X=1=en, ja=High.png",Diagram-Procedural
345,"WBF0052X=WBF0052X=1=en, ja=High","images/WBF0052X=WBF0052X=1=en, ja=High.png",Diagram-Other
346,"WBF0054X=WBF0054X=1=en, ja=High","images/WBF0054X=WBF0054X=1=en, ja=High.png",Diagram-Procedural
347,"WBF0055X=WBF0055X=1=en, ja=High","images/WBF0055X=WBF0055X=1=en, ja=High.png",Diagram-ItemDictionary
348,"WBF0056X=WBF0056X=1=en, ja=High","images/WBF0056X=WBF0056X=1=en, ja=High.png",Diagram-Procedural
349,"WBF0059X=WBF0059X=1=en, ja=High","images/WBF0059X=WBF0059X=1=en, ja=High.png",Diagram-Procedural
350,"WBF0061X=WBF0061X=1=en, ja=High","images/WBF0061X=WBF0061X=1=en, ja=High.png",Diagram-Procedural
351,"WBF0075X=WBF0075X=1=en, ja=High","images/WBF0075X=WBF0075X=1=en, ja=High.png",Diagram-Procedural
352,"WBF0076X=WBF0076X=1=en, ja=High","images/WBF0076X=WBF0076X=1=en, ja=High.png",Diagram-Procedural
353,"WBF0077X=WBF0077X=1=en, ja=High","images/WBF0077X=WBF0077X=1=en, ja=High.png",Diagram-Other
354,"WBF0078X=WBF0078X=1=en, ja=High","images/WBF0078X=WBF0078X=1=en, ja=High.png",Diagram-Procedural
355,"WBF0079X=WBF0079X=1=en, ja=High","images/WBF0079X=WBF0079X=1=en, ja=High.png",Diagram-Procedural
356,"WBF0080X=WBF0080X=1=en, ja=High","images/WBF0080X=WBF0080X=1=en, ja=High.png",Diagram-Procedural
357,"WBF0082X=WBF0082X=1=en, ja=High","images/WBF0082X=WBF0082X=1=en, ja=High.png",Diagram-Other
358,"WBF0089X=WBF0089X=1=en, ja=High","images/WBF0089X=WBF0089X=1=en, ja=High.png",Diagram-Procedural
359,"WBF0090X=WBF0090X=1=en, ja=High","images/WBF0090X=WBF0090X=1=en, ja=High.png",Diagram-Procedural
360,"WBF0091X=WBF0091X=1=en, ja=High","images/WBF0091X=WBF0091X=1=en, ja=High.png",Diagram-ItemDictionary
361,"WBF0093X=WBF0093X=1=en, ja=High","images/WBF0093X=WBF0093X=1=en, ja=High.png",Diagram-Other
362,"WBF0098X=WBF0098X=1=en, ja=High","images/WBF0098X=WBF0098X=1=en, ja=High.png",Diagram-Procedural
363,"WBF0102X=WBF0102X=1=en, ja=High","images/WBF0102X=WBF0102X=1=en, ja=High.png",Diagram-Other
364,"WBF0135X=WBF0135X=1=en, ja=High","images/WBF0135X=WBF0135X=1=en, ja=High.png",Diagram-Other
365,"WBF0137X=WBF0137X=1=en, ja=High","images/WBF0137X=WBF0137X=1=en, ja=High.png",Diagram-Other
366,"WBF0138X=WBF0138X=1=en, ja=High","images/WBF0138X=WBF0138X=1=en, ja=High.png",Diagram-Other
367,"WBF0141X=WBF0141X=1=en, ja=High","images/WBF0141X=WBF0141X=1=en, ja=High.png",Diagram-Other
368,"WBF0142X=WBF0142X=1=en, ja=High","images/WBF0142X=WBF0142X=1=en, ja=High.png",Diagram-Other
369,"WBF0159X=WBF0159X=1=en, ja=High","images/WBF0159X=WBF0159X=1=en, ja=High.png",Diagram-Other
370,"WBF0202X=WBF0202X=1=en, ja=High","images/WBF0202X=WBF0202X=1=en, ja=High.png",Diagram-Procedural
371,"WBF0205X=WBF0205X=1=en, ja=High","images/WBF0205X=WBF0205X=1=en, ja=High.png",Diagram-Procedural
372,"WBF0206X=WBF0206X=1=en, ja=High","images/WBF0206X=WBF0206X=1=en, ja=High.png",Diagram-ItemDictionary
373,"WBF0207X=WBF0207X=1=en, ja=High","images/WBF0207X=WBF0207X=1=en, ja=High.png",Diagram-Other
374,"WBF0208X=WBF0208X=1=en, ja=High","images/WBF0208X=WBF0208X=1=en, ja=High.png",Diagram-Procedural
375,"WBF0209X=WBF0209X=1=en, ja=High","images/WBF0209X=WBF0209X=1=en, ja=High.png",Diagram-Procedural
376,"WBF0210X=WBF0210X=1=en, ja=High","images/WBF0210X=WBF0210X=1=en, ja=High.png",Diagram-Procedural
377,"WBF0211X=WBF0211X=1=en, ja=High","images/WBF0211X=WBF0211X=1=en, ja=High.png",Diagram-Procedural
378,"WBF0223X=WBF0223X=1=en, ja=High","images/WBF0223X=WBF0223X=1=en, ja=High.png",Diagram-Other
379,"WBF0225X=WBF0225X=1=en, ja=High","images/WBF0225X=WBF0225X=1=en, ja=High.png",Diagram-ItemDictionary
380,"WBG0006X=WBG0006X=1=en, ja=High","images/WBG0006X=WBG0006X=1=en, ja=High.png",Diagram-Procedural
381,"WBG0037X=WBG0037X=1=en, ja=High","images/WBG0037X=WBG0037X=1=en, ja=High.png",Diagram-Procedural
382,"WBG0047X=WBG0047X=1=en, ja=High","images/WBG0047X=WBG0047X=1=en, ja=High.png",Diagram-Other
383,"WBH0001X=WBH0001X=1=en, ja=High","images/WBH0001X=WBH0001X=1=en, ja=High.png",Diagram-Other
384,"WBI0010X=WBI0010X=1=en, ja=High","images/WBI0010X=WBI0010X=1=en, ja=High.png",Diagram-Procedural
385,"WBI0011X=WBI0011X=1=en, ja=High","images/WBI0011X=WBI0011X=1=en, ja=High.png",Diagram-ItemDictionary
386,"WBI0012X=WBI0012X=1=en, ja=High","images/WBI0012X=WBI0012X=1=en, ja=High.png",Diagram-ItemDictionary
387,"WBI0015X=WBI0015X=1=en, ja=High","images/WBI0015X=WBI0015X=1=en, ja=High.png",Diagram-Other
388,"WBI0018X=WBI0018X=1=en, ja=High","images/WBI0018X=WBI0018X=1=en, ja=High.png",Diagram-Other
389,"WBI0019X=WBI0019X=1=en, ja=High","images/WBI0019X=WBI0019X=1=en, ja=High.png",Diagram-Procedural
390,"WBI0022X=WBI0022X=1=en, ja=High","images/WBI0022X=WBI0022X=1=en, ja=High.png",Diagram-Procedural
391,"WBI0031X=WBI0031X=1=en, ja=High","images/WBI0031X=WBI0031X=1=en, ja=High.png",Diagram-Procedural
392,"WBI0032X=WBI0032X=1=en, ja=High","images/WBI0032X=WBI0032X=1=en, ja=High.png",Diagram-Other
393,"WBI0036X=WBI0036X=1=en, ja=High","images/WBI0036X=WBI0036X=1=en, ja=High.png",Diagram-Procedural
394,"WBI0038X=WBI0038X=1=en, ja=High","images/WBI0038X=WBI0038X=1=en, ja=High.png",Diagram-ItemDictionary
395,"WBI0039X=WBI0039X=1=en, ja=High","images/WBI0039X=WBI0039X=1=en, ja=High.png",Diagram-Procedural
396,"WBJ0006X=WBJ0006X=1=en, ja=High","images/WBJ0006X=WBJ0006X=1=en, ja=High.png",Diagram-Procedural
397,"WBJ0007X=WBJ0007X=1=en, ja=High","images/WBJ0007X=WBJ0007X=1=en, ja=High.png",Diagram-ItemDictionary
398,"WBJ0016X=WBJ0016X=1=en, ja=High","images/WBJ0016X=WBJ0016X=1=en, ja=High.png",Diagram-Other
399,"WBS0018X=WBS0018X=1=en, ja=High","images/WBS0018X=WBS0018X=1=en, ja=High.png",Diagram-Other
400,"WBS0022X=WBS0022X=1=en, ja=High","images/WBS0022X=WBS0022X=1=en, ja=High.png",Diagram-Other
401,"WBS0024X=WBS0024X=1=en, ja=High","images/WBS0024X=WBS0024X=1=en, ja=High.png",Diagram-Procedural
402,"WBS0026X=WBS0026X=1=en, ja=High","images/WBS0026X=WBS0026X=1=en, ja=High.png",Diagram-Other
403,"WBS0027X=WBS0027X=1=en, ja=High","images/WBS0027X=WBS0027X=1=en, ja=High.png",Diagram-Procedural
404,"WBS0031X=WBS0031X=1=en, ja=High","images/WBS0031X=WBS0031X=1=en, ja=High.png",Diagram-Other
405,"WBS0032X=WBS0032X=1=en, ja=High","images/WBS0032X=WBS0032X=1=en, ja=High.png",Diagram-ItemDictionary
406,"WBS0033X=WBS0033X=1=en, ja=High","images/WBS0033X=WBS0033X=1=en, ja=High.png",Diagram-Other
407,"WBS0038X=WBS0038X=1=en, ja=High","images/WBS0038X=WBS0038X=1=en, ja=High.png",Diagram-Procedural
408,"WBS0041X=WBS0041X=1=en, ja=High","images/WBS0041X=WBS0041X=1=en, ja=High.png",Diagram-Other
409,"WBS0042X=WBS0042X=1=en, ja=High","images/WBS0042X=WBS0042X=1=en, ja=High.png",Diagram-Other
410,"WBS0044X=WBS0044X=1=en, ja=High","images/WBS0044X=WBS0044X=1=en, ja=High.png",Diagram-Procedural
411,"WBS0045X=WBS0045X=1=en, ja=High","images/WBS0045X=WBS0045X=1=en, ja=High.png",Diagram-Other
412,"WBS0046X=WBS0046X=1=en, ja=High","images/WBS0046X=WBS0046X=1=en, ja=High.png",Diagram-Other
413,"WBS0047X=WBS0047X=1=en, ja=High","images/WBS0047X=WBS0047X=1=en, ja=High.png",Diagram-Procedural
414,"WBS0057X=WBS0057X=1=en, ja=High","images/WBS0057X=WBS0057X=1=en, ja=High.png",Diagram-ItemDictionary
415,"WBT0053X=WBT0053X=1=en, ja=High","images/WBT0053X=WBT0053X=1=en, ja=High.png",Diagram-Other
416,"WBT0074X=WBT0074X=1=en, ja=High","images/WBT0074X=WBT0074X=1=en, ja=High.png",Diagram-ItemDictionary
417,"WBT0114X=WBT0114X=1=en, ja=High","images/WBT0114X=WBT0114X=1=en, ja=High.png",Diagram-Other
418,"WBT0115X=WBT0115X=1=en, ja=High","images/WBT0115X=WBT0115X=1=en, ja=High.png",Diagram-Procedural
419,"WBT0118X=WBT0118X=1=en, ja=High","images/WBT0118X=WBT0118X=1=en, ja=High.png",Diagram-Other
420,"WBT0119X=WBT0119X=1=en, ja=High","images/WBT0119X=WBT0119X=1=en, ja=High.png",Diagram-ItemDictionary
421,"WBT0120X=WBT0120X=1=en, ja=High","images/WBT0120X=WBT0120X=1=en, ja=High.png",Diagram-Procedural
422,"WBT0121X=WBT0121X=1=en, ja=High","images/WBT0121X=WBT0121X=1=en, ja=High.png",Diagram-Procedural
423,"WBT0122X=WBT0122X=1=en, ja=High","images/WBT0122X=WBT0122X=1=en, ja=High.png",Diagram-Procedural
424,"WBT0126X=WBT0126X=1=en, ja=High","images/WBT0126X=WBT0126X=1=en, ja=High.png",Diagram-Other
425,"WBT0127X=WBT0127X=1=en, ja=High","images/WBT0127X=WBT0127X=1=en, ja=High.png",Diagram-Procedural
426,"WBT0134X=WBT0134X=1=en, ja=High","images/WBT0134X=WBT0134X=1=en, ja=High.png",Diagram-Other
427,"WBT0135X=WBT0135X=1=en, ja=High","images/WBT0135X=WBT0135X=1=en, ja=High.png",Diagram-Other
428,"WBT0136X=WBT0136X=1=en, ja=High","images/WBT0136X=WBT0136X=1=en, ja=High.png",Diagram-Other
429,"WBT0142X=WBT0142X=1=en, ja=High","images/WBT0142X=WBT0142X=1=en, ja=High.png",Diagram-ItemDictionary
430,"WBT0143X=WBT0143X=1=en, ja=High","images/WBT0143X=WBT0143X=1=en, ja=High.png",Diagram-Other
431,"WBT0150X=WBT0150X=1=en, ja=High","images/WBT0150X=WBT0150X=1=en, ja=High.png",Diagram-ItemDictionary
432,"WBT0151X=WBT0151X=1=en, ja=High","images/WBT0151X=WBT0151X=1=en, ja=High.png",Diagram-Other
433,"WBT0153X=WBT0153X=1=en, ja=High","images/WBT0153X=WBT0153X=1=en, ja=High.png",Diagram-Procedural
434,"WBT0154X=WBT0154X=1=en, ja=High","images/WBT0154X=WBT0154X=1=en, ja=High.png",Diagram-Other
435,"WBT0155X=WBT0155X=1=en, ja=High","images/WBT0155X=WBT0155X=1=en, ja=High.png",Diagram-Other
436,"WBT0156X=WBT0156X=1=en, ja=High","images/WBT0156X=WBT0156X=1=en, ja=High.png",Diagram-Other
437,"WBT0157X=WBT0157X=1=en, ja=High","images/WBT0157X=WBT0157X=1=en, ja=High.png",Diagram-Other
438,"WBT0158X=WBT0158X=1=en, ja=High","images/WBT0158X=WBT0158X=1=en, ja=High.png",Diagram-Procedural
439,"WBT0159X=WBT0159X=1=en, ja=High","images/WBT0159X=WBT0159X=1=en, ja=High.png",Diagram-Other
440,"WBT0160X=WBT0160X=1=en, ja=High","images/WBT0160X=WBT0160X=1=en, ja=High.png",Diagram-Other
441,"WBT0161X=WBT0161X=1=en, ja=High","images/WBT0161X=WBT0161X=1=en, ja=High.png",Diagram-Other
442,"WBT0200X=WBT0200X=1=en, ja=High","images/WBT0200X=WBT0200X=1=en, ja=High.png",Diagram-ItemDictionary
443,"WBT0201X=WBT0201X=1=en, ja=High","images/WBT0201X=WBT0201X=1=en, ja=High.png",Diagram-Procedural
444,"WBT0202X=WBT0202X=1=en, ja=High","images/WBT0202X=WBT0202X=1=en, ja=High.png",Diagram-Other
445,"WBT0205X=WBT0205X=1=en, ja=High","images/WBT0205X=WBT0205X=1=en, ja=High.png",Diagram-ItemDictionary
446,"WBT0206X=WBT0206X=1=en, ja=High","images/WBT0206X=WBT0206X=1=en, ja=High.png",Diagram-Other
447,"WBT0207X=WBT0207X=1=en, ja=High","images/WBT0207X=WBT0207X=1=en, ja=High.png",Diagram-Other
448,"WBT0208X=WBT0208X=1=en, ja=High","images/WBT0208X=WBT0208X=1=en, ja=High.png",Diagram-ItemDictionary
449,"WBT0209X=WBT0209X=1=en, ja=High","images/WBT0209X=WBT0209X=1=en, ja=High.png",Diagram-ItemDictionary
450,"WBT0210X=WBT0210X=1=en, ja=High","images/WBT0210X=WBT0210X=1=en, ja=High.png",Diagram-ItemDictionary
451,"WBT0211X=WBT0211X=1=en, ja=High","images/WBT0211X=WBT0211X=1=en, ja=High.png",Diagram-Procedural
